City_ID,City,Lat,Lng,Max Temp,Humidity,Cloudiness,Wind Speed,Country,Date
0,chui,-33.6971,-53.4616,9.36,79,100,0.99,UY,1690509937
1,adamstown,-25.066,-130.1015,19.74,60,47,1.45,PN,1690509937
2,ancud,-41.8697,-73.8203,9.36,96,100,4.16,CL,1690509938
3,invercargill,-46.4,168.35,10.57,74,97,4.47,NZ,1690509938
4,agadez,19.75,10.25,30.9,26,74,4.88,NE,1690509938
5,papatowai,-46.5619,169.4708,9.75,67,99,2.72,NZ,1690509938
6,namtsy,62.7161,129.6658,22.94,36,98,2.11,RU,1690509938
7,kavieng,-2.5744,150.7967,27.99,80,59,5.01,PG,1690509939
8,lebu,-37.6167,-73.65,11.13,92,99,0.82,CL,1690509939
9,iqaluit,63.7506,-68.5145,8.85,76,20,0.0,CA,1690509939
10,albany,42.6001,-73.9662,23.82,93,22,1.84,US,1690509939
11,bethel,41.3712,-73.414,25.17,88,54,2.04,US,1690509745
12,port-aux-francais,-49.35,70.2167,4.78,92,100,7.81,TF,1690509940
13,usinsk,65.9939,57.5281,16.78,80,72,2.68,RU,1690509940
14,polyarnyy,69.1989,33.4478,12.71,87,53,0.73,RU,1690509940
15,ushuaia,-54.8,-68.3,-2.19,74,0,1.03,AR,1690509940
16,grytviken,-54.2811,-36.5092,-3.91,82,100,4.58,GS,1690509940
17,bengkulu,-3.8004,102.2655,26.87,73,100,1.92,ID,1690509941
18,olonkinbyen,70.9221,-8.7187,4.93,87,100,5.39,SJ,1690509941
19,san sebastian de la gomera,28.0916,-17.1133,24.1,68,0,1.03,ES,1690509941
20,prince rupert,54.3161,-130.3201,18.83,97,100,7.2,CA,1690509942
21,duluth,46.7833,-92.1066,22.32,91,0,2.57,US,1690509835
22,praia da vitoria,38.7333,-27.0667,24.14,94,20,3.54,PT,1690509942
23,kitimat,54.0524,-128.6534,26.21,58,100,0.45,CA,1690509943
24,tiksi,71.6872,128.8694,9.8,61,70,4.16,RU,1690509943
25,bilibino,68.0546,166.4372,13.36,59,100,3.53,RU,1690509944
26,arraial do cabo,-22.9661,-42.0278,20.96,89,0,4.66,BR,1690509944
27,san luis de la loma,17.2706,-100.8939,28.46,79,100,2.68,MX,1690509944
28,nemuro,43.3236,145.575,18.72,92,85,0.79,JP,1690509944
29,waitangi,-43.9535,-176.5597,8.79,90,100,2.68,NZ,1690509944
30,debark',13.1561,37.8981,9.53,88,93,0.13,ET,1690509945
31,hawaiian paradise park,19.5933,-154.9731,27.8,71,100,3.6,US,1690509945
32,saipan,15.1355,145.701,28.39,100,0,4.12,MP,1690509945
33,igarka,67.4667,86.5833,23.53,62,36,4.8,RU,1690509945
34,choibalsan,48.0667,114.5,24.22,43,1,5.03,MN,1690509945
35,port elizabeth,-33.918,25.5701,12.16,87,0,1.54,ZA,1690509946
36,blackmans bay,-43.0167,147.3167,15.41,57,0,4.03,AU,1690509946
37,manta,-0.95,-80.7333,25.56,73,20,5.81,EC,1690509946
38,yemetsk,63.4721,41.7941,12.87,88,100,0.8,RU,1690509946
39,esperanza,19.5847,-70.9849,26.83,84,14,3.13,DO,1690509946
40,ambodifotatra,-16.9833,49.85,22.79,66,47,5.96,MG,1690509947
41,santa ana,33.7456,-117.8678,36.47,64,20,4.63,US,1690509595
42,velasco ibarra,-1.05,-79.6167,25.04,86,91,1.21,EC,1690509947
43,rabaul,-4.1967,152.1721,29.34,69,59,3.25,PG,1690509947
44,port mathurin,-19.6833,63.4167,23.31,78,56,4.76,MU,1690509947
45,west island,-12.1568,96.8225,24.99,73,75,9.77,CC,1690509948
46,pontianak,-0.0333,109.3333,26.99,69,20,5.14,ID,1690509948
47,san dionisio ocotepec,16.8,-96.4,18.99,83,53,2.52,MX,1690509948
48,tura,25.5198,90.2201,25.55,93,100,2.65,IN,1690509948
49,aasiaat,68.7098,-52.8699,0.71,95,37,2.07,GL,1690509948
50,laojunmiao,39.8333,97.7333,28.65,16,0,6.94,CN,1690509948
51,praia,14.9215,-23.5087,26.3,73,40,5.14,CV,1690509949
52,badger,64.8,-147.5333,28.06,49,20,4.12,US,1690509949
53,yellowknife,62.456,-114.3525,24.29,29,75,2.57,CA,1690509835
54,akureyri,65.6835,-18.0878,8.96,81,100,3.09,IS,1690509790
55,happy valley-goose bay,53.3168,-60.3315,17.17,59,75,4.12,CA,1690509949
56,ilulissat,69.2167,-51.1,4.01,93,20,0.51,GL,1690509950
57,hamilton,39.1834,-84.5333,27.46,87,75,10.8,US,1690509832
58,camana,-16.6228,-72.7111,16.98,89,22,2.87,PE,1690509950
59,juegang,32.3174,121.1855,28.28,92,100,7.89,CN,1690509950
60,lamu,-2.2717,40.902,23.12,83,11,7.44,KE,1690509950
61,ikauna,27.55,81.9667,30.03,70,88,4.59,IN,1690509950
62,san ignacio de velasco,-16.3667,-60.95,22.23,61,4,1.95,BO,1690509951
63,aleksandrovsk-sakhalinskiy,50.8975,142.1561,21.61,75,100,1.69,RU,1690509951
64,edinburgh of the seven seas,-37.0676,-12.3116,9.79,49,15,1.8,SH,1690509951
65,cabo san lucas,22.8909,-109.9124,30.84,70,15,4.02,MX,1690509446
66,saint john,45.2727,-66.0677,19.57,100,100,2.57,CA,1690509952
67,kodiak,57.79,-152.4072,12.73,88,100,5.14,US,1690509717
68,dudinka,69.4058,86.1778,25.9,44,0,4.39,RU,1690509952
69,smithers,54.7804,-127.1743,18.18,68,75,1.54,CA,1690509952
70,kone,-21.0595,164.8658,23.69,42,7,2.95,NC,1690509952
71,hilo,19.7297,-155.09,30.16,82,100,3.6,US,1690509952
72,al majaridah,19.1236,41.9111,32.76,29,15,2.28,SA,1690509953
73,colonel hill,22.7667,-74.2167,28.98,80,91,8.35,BS,1690509953
74,port saint john's,-31.6229,29.5448,16.27,89,0,3.28,ZA,1690509953
75,hpa-an,16.8906,97.6333,27.91,82,100,2.34,MM,1690509953
76,sao miguel do araguaia,-13.275,-50.1628,24.73,34,8,1.68,BR,1690509953
77,san julian,21.0167,-102.1667,15.1,73,58,5.0,MX,1690509953
78,aykhal,66.0,111.5,19.03,46,100,2.15,RU,1690509954
79,ar raqqah,35.95,39.0167,27.97,41,0,7.53,SY,1690509954
80,vilyuchinsk,52.9306,158.4028,13.15,94,100,0.58,RU,1690509955
81,ribeira grande,38.5167,-28.7,23.21,96,27,2.24,PT,1690509955
82,puerto ayora,-0.7393,-90.3518,24.19,93,39,3.58,EC,1690509955
83,bonnyville,54.2668,-110.735,15.89,67,39,1.65,CA,1690509955
84,ypsonas,34.6884,32.9574,29.04,74,0,2.06,CY,1690509955
85,avarua,-21.2078,-159.775,25.03,69,90,2.06,CK,1690509956
86,junin de los andes,-39.9504,-71.0694,4.86,96,100,2.21,AR,1690509956
87,gobabis,-22.45,18.9667,13.01,38,7,5.29,NA,1690509956
88,joacaba,-27.1781,-51.5047,15.25,98,75,0.34,BR,1690509709
89,usogorsk,63.4106,48.6872,14.51,96,88,2.92,RU,1690509956
90,plesetsk,62.708,40.2916,13.54,91,100,1.76,RU,1690509956
91,paradsasvar,47.9126,19.9771,15.42,61,100,1.89,HU,1690509957
92,puerto natales,-51.7236,-72.4875,-3.66,86,100,1.42,CL,1690509801
93,lihue,21.9789,-159.3672,30.58,68,20,7.2,US,1690509957
94,pisco,-13.7,-76.2167,19.03,77,0,5.14,PE,1690509896
95,yerofey pavlovich,53.9667,121.9667,16.55,95,100,1.88,RU,1690509957
96,isna,25.2934,32.554,30.01,17,2,2.55,EG,1690509958
97,hithadhoo,-0.6,73.0833,28.4,78,94,6.86,MV,1690509958
98,isafjordur,66.0755,-23.124,6.63,92,100,3.88,IS,1690509959
99,phek,25.6667,94.5,19.25,90,95,0.13,IN,1690509960
100,tolanaro,-25.0319,46.9987,19.04,72,20,5.14,MG,1690509960
101,brisas de zicatela,15.8369,-97.0419,30.29,66,75,0.0,MX,1690509960
102,udachny,66.4167,112.4,21.92,40,92,2.64,RU,1690509961
103,merizo village,13.2658,144.6691,27.31,96,100,4.42,GU,1690509961
104,bredasdorp,-34.5322,20.0403,8.92,90,0,1.57,ZA,1690509828
105,porto novo,6.4965,2.6036,25.9,91,100,3.61,BJ,1690509961
106,susuman,62.7833,148.1667,8.61,74,100,0.71,RU,1690509961
107,chegdomyn,51.1167,133.0167,22.04,84,100,1.09,RU,1690509962
108,carnarvon,-24.8667,113.6333,16.79,56,0,4.88,AU,1690509962
109,hermanus,-34.4187,19.2345,11.79,78,0,1.59,ZA,1690509962
110,ust-nera,64.5667,143.2,14.36,46,88,1.18,RU,1690509962
111,punta arenas,-53.15,-70.9167,-2.04,86,100,2.26,CL,1690509911
112,mugia,43.1041,-9.2179,18.84,94,100,8.1,ES,1690509963
113,ocna mures,46.3833,23.85,10.36,71,0,1.33,RO,1690509963
114,chonchi,-42.6128,-73.8092,10.07,99,100,2.01,CL,1690509963
115,kununurra,-15.7667,128.7333,26.99,34,40,3.09,AU,1690509964
116,biscarrosse,44.3945,-1.1672,18.97,94,75,1.03,FR,1690509964
117,meadow lake,34.8014,-106.5436,27.97,40,73,4.87,US,1690509964
118,barra do garcas,-15.89,-52.2567,21.99,32,37,0.71,BR,1690509964
119,mejit,10.2753,170.8646,28.5,79,100,8.74,MH,1690509965
120,childress,34.4264,-100.204,34.96,24,5,4.39,US,1690509708
121,qaryat suluq,31.6682,20.2521,25.71,66,0,3.51,LY,1690509965
122,gulf shores,30.246,-87.7008,29.47,74,0,0.0,US,1690509965
123,mili,6.0815,171.735,28.5,76,100,6.69,MH,1690509966
124,egilsstadir,65.2653,-14.3948,6.95,100,75,3.6,IS,1690509966
125,saint-leu,-21.15,55.2833,18.48,69,16,4.48,RE,1690509966
126,shenjiamen,29.9576,122.298,27.71,85,100,11.44,CN,1690509966
127,pechora,65.1472,57.2244,16.47,83,100,2.69,RU,1690509966
128,kolonia,50.9333,6.95,17.94,90,100,3.09,DE,1690509959
129,kupang,-10.1667,123.5833,28.32,65,40,6.69,ID,1690509675
130,bikenibeu village,1.3673,173.1241,30.98,74,40,2.06,KI,1690509967
131,mahalapye,-23.1041,26.8142,14.68,46,0,4.01,BW,1690509967
132,vadso,70.0744,29.7487,11.49,100,100,3.09,NO,1690509967
133,singkil,-7.9855,111.4161,25.8,61,46,3.38,ID,1690509968
134,iskateley,67.6803,53.1512,13.99,85,100,2.46,RU,1690509968
135,sitka,57.0531,-135.33,18.94,68,40,8.23,US,1690509968
136,alofi,-19.0595,-169.9187,22.94,83,100,2.06,NU,1690509968
137,antsiranana,-12.2787,49.2917,22.04,62,21,6.29,MG,1690509968
138,yeppoon,-23.1333,150.7333,22.88,58,14,4.63,AU,1690509969
139,utrik,11.2278,169.8474,28.55,79,48,8.59,MH,1690509969
140,ploudalmezeau,48.5333,-4.65,16.82,100,100,3.09,FR,1690509969
141,tsiombe,-25.3,45.4833,15.81,88,0,3.11,MG,1690509969
142,wailua homesteads,22.0669,-159.378,30.24,75,20,7.2,US,1690509970
143,hirara,24.8,125.2833,30.92,84,75,11.32,JP,1690509970
144,wau,7.7029,27.9953,20.8,85,98,1.3,SS,1690509970
145,coquimbo,-29.9533,-71.3436,11.85,93,0,2.57,CL,1690509970
146,torchiarolo,40.4842,18.0525,20.65,53,0,3.23,IT,1690509970
147,colesberg,-30.72,25.0972,7.92,37,0,2.11,ZA,1690509971
148,katsuura,35.1333,140.3,28.39,70,10,4.38,JP,1690509971
149,kapuskasing,49.4169,-82.4331,25.05,65,75,5.66,CA,1690509744
150,sidi yahia el gharb,34.3065,-6.3062,20.37,87,0,1.35,MA,1690509971
151,sijunjung,-0.6876,100.9537,26.76,69,100,0.51,ID,1690509971
152,zabaykal'sk,49.6333,117.3167,23.99,46,41,4.99,RU,1690509971
153,talnakh,69.4865,88.3972,25.67,38,5,2.99,RU,1690509972
154,tianchang,37.9981,114.0156,30.55,48,100,3.34,CN,1690509972
155,tongchuanshi,35.0806,109.0897,22.17,86,100,3.09,CN,1690509973
156,el porvenir,13.7617,-87.3458,27.63,59,100,1.71,HN,1690509973
157,hasaki,35.7333,140.8333,38.5,71,1,5.5,JP,1690509973
158,fale old settlement,-9.3852,-171.2468,27.99,77,11,7.38,TK,1690509973
159,flying fish cove,-10.4217,105.6791,25.82,78,100,6.69,CX,1690509974
160,kailua-kona,19.6406,-155.9956,30.98,73,40,4.12,US,1690509974
161,constantia,44.1833,28.65,15.39,71,0,6.22,RO,1690509974
162,andratx,39.5755,2.4202,24.13,56,0,2.15,ES,1690509975
163,anadyr,64.75,177.4833,13.28,82,75,4.0,RU,1690509975
164,acarau,-2.8856,-40.12,26.02,84,9,6.91,BR,1690509975
165,santarem,-2.4431,-54.7083,27.07,94,0,0.0,BR,1690509705
166,fukuecho,32.6881,128.8419,29.2,84,75,3.09,JP,1690509975
167,kingston,17.997,-76.7936,29.53,77,20,7.2,JM,1690509869
168,huanggang,23.677,116.9996,30.94,85,100,3.23,CN,1690509976
169,haiku-pauwela,20.9219,-156.3051,28.43,62,40,10.8,US,1690509976
170,pathein,16.7833,94.7333,28.74,79,100,5.37,MM,1690509976
171,tidjikja,18.5564,-11.4271,32.09,28,4,7.2,MR,1690509977
172,kajuru,10.3192,7.6892,20.96,96,100,1.5,NG,1690509977
173,altai,46.3722,96.2583,22.96,21,2,0.91,MN,1690509977
174,glace bay,46.1969,-59.957,22.87,87,100,4.63,CA,1690509862
175,tizapan el alto,20.1667,-103.0667,24.03,73,45,2.99,MX,1690509977
176,qaqortoq,60.7167,-46.0333,6.49,74,100,0.67,GL,1690509978
177,pitkyaranta,61.5734,31.4792,14.94,88,100,2.99,RU,1690509978
178,nha trang,12.25,109.1833,32.0,61,74,1.41,VN,1690509966
179,vakhrushi,58.6847,50.0261,15.69,94,14,2.01,RU,1690509978
180,coahuayana de hidalgo,18.7,-103.6583,26.7,80,73,1.56,MX,1690509978
181,brandon,27.9378,-82.2859,28.92,82,40,1.54,US,1690509978
182,siracusa,37.0881,15.2792,23.77,65,0,1.58,IT,1690509699
183,colonia,50.9333,6.95,17.94,90,100,3.09,DE,1690509959
184,mount gambier,-37.8333,140.7667,14.81,77,4,4.32,AU,1690509979
185,whitehorse,60.7161,-135.0538,24.45,44,75,5.14,CA,1690509979
186,labytnangi,66.6572,66.4183,18.59,81,8,3.09,RU,1690509979
187,san fernando del valle de catamarca,-28.4696,-65.7852,13.21,66,0,0.84,AR,1690509980
188,calvi,42.5,8.8333,16.35,68,6,2.06,FR,1690509980
189,mhamid,29.82,-5.72,33.5,10,3,2.21,MA,1690509980
190,maracacume,-2.0428,-45.9592,22.77,94,9,1.47,BR,1690509888
191,zaozersk,69.4005,32.4476,12.0,91,28,1.07,RU,1690509981
192,dalai,45.5,124.3,27.33,77,100,5.97,CN,1690509981
193,ar rahad,12.7167,30.65,25.65,62,95,3.22,SD,1690509981
194,kosh-agach,50.0,88.6667,19.06,48,74,1.17,RU,1690509981
195,narwar,25.65,77.9,29.73,67,100,0.74,IN,1690509982
196,yorkton,51.2167,-102.4677,18.91,63,75,6.69,CA,1690509982
197,puerto rico,-26.796,-55.024,16.91,99,98,0.21,AR,1690509982
198,la ronge,55.1001,-105.2842,17.14,45,40,5.14,CA,1690509797
199,ilebo,-4.3167,20.5833,20.5,39,4,0.92,CD,1690509983
200,nandurbar,21.3667,74.25,24.97,89,100,7.32,IN,1690509983
201,port alfred,-33.5906,26.891,14.9,83,0,4.4,ZA,1690509983
202,fengxian,34.7039,116.5872,29.9,67,28,4.54,CN,1690509824
203,baukau,51.5526,7.2042,17.73,94,100,2.24,DE,1690509983
204,christchurch,-43.5333,172.6333,11.62,69,75,2.06,NZ,1690509777
205,weno,7.4515,151.8468,30.97,84,75,5.14,FM,1690509984
206,hala,25.8131,68.4227,28.97,74,96,8.66,PK,1690509984
207,ola,59.5833,151.2833,21.19,53,0,2.11,RU,1690509984
208,general fernandez oro,-38.953,-67.9249,6.08,81,0,0.0,AR,1690509984
209,kasongo-lunda,-6.4667,16.8167,21.27,48,55,0.6,CD,1690509985
210,sao vicente,-23.9631,-46.3919,23.1,26,96,0.89,BR,1690509985
211,margate,51.3813,1.3862,17.72,94,88,1.79,GB,1690509819
212,yuzhno-kurilsk,44.0306,145.8556,22.98,78,51,2.16,RU,1690509985
213,nova xavantina,-14.6667,-52.35,22.47,36,9,1.33,BR,1690509985
214,belomorsk,64.5232,34.7668,15.88,77,100,2.15,RU,1690509986
215,freetown,8.484,-13.2299,25.13,88,58,2.57,SL,1690509986
216,petropavlovsk-kamchatsky,53.0452,158.6483,12.33,100,100,2.0,RU,1690509986
217,santiago de cuba,20.0247,-75.8219,25.38,90,100,0.46,CU,1690509814
218,kiruna,67.8557,20.2251,7.51,100,75,2.57,SE,1690509987
219,margaret river,-33.95,115.0667,15.5,65,86,8.48,AU,1690509987
220,suez,29.9737,32.5263,28.35,39,4,3.61,EG,1690509987
221,holualoa,19.6228,-155.9522,28.91,73,40,4.12,US,1690509987
222,kayyerkan,69.3786,87.7439,25.72,47,3,4.23,RU,1690509988
223,palopo,-2.9996,120.1921,28.01,63,100,1.01,ID,1690509988
224,kerikeri,-35.2268,173.9474,14.16,53,13,4.12,NZ,1690509988
225,richards bay,-28.783,32.0377,17.01,94,5,1.87,ZA,1690509988
226,saint-girons,42.9167,1.1667,15.13,88,80,1.52,FR,1690509988
227,tamanrasset,22.785,5.5228,25.95,11,0,3.09,DZ,1690509989
228,beyneu,45.3167,55.2,28.61,27,0,2.63,KZ,1690509989
229,zyryanskoye,56.8306,86.6258,21.44,65,20,1.46,RU,1690509989
230,sobeslav,49.2599,14.7186,16.53,95,100,2.52,CZ,1690509989
231,pitimbu,-7.4706,-34.8086,24.33,86,11,5.33,BR,1690509989
232,broome,42.2506,-75.833,23.53,94,2,0.45,US,1690509990
233,ilhabela,-23.7781,-45.3581,21.34,93,77,2.08,BR,1690509758
234,afaahiti,-17.75,-149.2833,25.59,85,32,4.22,PF,1690509990
235,la passe,45.5549,-0.8967,19.99,91,99,5.06,FR,1690509990
236,peniche,39.3558,-9.3811,17.82,90,0,4.01,PT,1690509990
237,thompson,55.7435,-97.8558,15.09,63,75,3.09,CA,1690509713
238,papao,-17.75,-149.55,26.48,79,4,2.55,PF,1690509991
239,harper,4.375,-7.7169,24.55,90,97,4.41,LR,1690509991
240,hammerfest,70.6634,23.6821,10.25,87,100,1.03,NO,1690509991
241,huilong,31.8111,121.655,28.29,91,100,8.61,CN,1690509991
242,kapa'a,22.0752,-159.319,30.99,75,20,7.2,US,1690509992
243,uturoa,-16.7333,-151.4333,26.74,77,0,3.63,PF,1690509992
244,alta,69.9689,23.2717,11.59,83,100,4.47,NO,1690509992
245,lospalos,-8.5186,127.0025,23.82,78,71,3.89,TL,1690509992
246,zeya,53.75,127.2667,18.37,98,100,1.88,RU,1690509992
247,gering,41.8258,-103.6605,23.56,69,100,10.29,US,1690509979
248,mount isa,-20.7333,139.5,25.87,44,28,3.6,AU,1690509993
249,jishui,33.7333,115.4,30.05,65,10,5.77,CN,1690509993
250,talcahuano,-36.7167,-73.1167,10.82,93,100,3.09,CL,1690509993
251,mogadishu,2.0371,45.3438,24.33,86,93,7.1,SO,1690509832
252,longyearbyen,78.2186,15.6401,6.04,91,100,0.76,SJ,1690509802
253,alice springs,-23.7,133.8833,24.75,47,59,3.09,AU,1690509823
254,taro,-8.3862,115.28,22.0,74,74,2.12,ID,1690509994
255,la'ie,21.6477,-157.9253,30.98,67,12,6.27,US,1690509994
256,manchar,19.0,73.9333,23.69,94,100,4.27,IN,1690509994
257,tazovsky,67.4667,78.7,16.27,89,100,0.85,RU,1690509994
258,brokopondo,4.75,-55.1667,26.99,80,92,4.17,SR,1690509735
259,necochea,-38.5473,-58.7368,6.32,88,100,3.1,AR,1690509939
260,naracoorte,-36.9579,140.7383,15.25,77,22,6.02,AU,1690509995
261,bandar labuan,5.2888,115.2692,29.2,79,20,1.54,MY,1690509995
262,le port,-20.9373,55.2919,19.0,71,53,2.82,RE,1690509995
263,uruacu,-14.5247,-49.1408,22.83,40,43,1.03,BR,1690509778
264,gazojak,41.1875,61.4036,28.89,28,1,4.93,TM,1690509995
265,hermoso campo,-27.6082,-61.3444,11.73,68,43,2.16,AR,1690509758
266,lompoc,34.6391,-120.4579,25.08,75,1,11.62,US,1690509996
267,manokwari,-0.8667,134.0833,28.27,72,70,1.64,ID,1690509997
268,college,64.8569,-147.8028,28.1,49,75,4.12,US,1690509997
269,cukai,4.25,103.4167,27.97,78,100,3.61,MY,1690509997
270,changchun,43.88,125.3228,25.98,74,82,7.56,CN,1690509997
271,kilju,40.9642,129.3278,31.89,53,11,2.72,KP,1690509998
272,cill airne,52.05,-9.5167,13.48,81,100,1.97,IE,1690509998
273,blackfoot,43.1905,-112.345,31.45,11,80,4.99,US,1690509998
274,cruzeiro do sul,-29.5128,-51.9853,13.06,77,97,0.89,BR,1690509999
275,filipstad,59.7124,14.1683,9.35,97,13,1.69,SE,1690509999
276,belmonte,-15.8631,-38.8828,22.93,85,100,4.03,BR,1690509999
277,vila velha,-20.3297,-40.2925,20.53,88,40,1.03,BR,1690509999
278,hadibu,12.65,54.0333,24.95,81,75,11.73,YE,1690509999
279,fort st. john,56.2499,-120.8529,18.94,59,40,4.12,CA,1690510000
280,jamestown,42.097,-79.2353,21.77,95,0,1.54,US,1690510000
281,revda,56.801,59.9303,19.03,89,35,3.88,RU,1690510000
282,murudeshwara,14.0943,74.4845,26.36,81,100,4.12,IN,1690510000
283,tezu,27.9167,96.1667,24.47,97,100,0.77,IN,1690510000
284,farah,32.5,62.5,28.9,19,0,2.75,AF,1690510001
285,ma'rib,15.4591,45.3253,31.21,28,100,3.49,YE,1690510001
286,krasnyye baki,57.131,45.1599,17.5,91,13,2.2,RU,1690510001
287,jala,21.0833,-104.4333,21.43,92,54,2.04,MX,1690510001
288,salmon arm,50.6998,-119.3024,27.62,36,97,2.06,CA,1690509704
289,elk city,35.412,-99.4043,32.99,33,0,3.6,US,1690510002
290,tafuna,-14.3358,-170.72,26.45,72,100,6.26,AS,1690510002
291,banganapalle,15.3167,78.2333,25.69,75,100,7.07,IN,1690510002
292,t'aebaek,37.1759,128.9889,30.2,50,56,1.41,KR,1690510002
293,"laikit, laikit ii (dimembe)",1.4792,124.9735,30.47,51,20,7.72,ID,1690510003
294,greenfield,42.9614,-88.0126,27.86,73,40,2.06,US,1690509968
295,fortuna,40.5982,-124.1573,19.96,74,0,5.66,US,1690510003
296,barcelos,41.5388,-8.6151,19.36,92,87,1.42,PT,1690510003
297,verkhnevilyuysk,63.4453,120.3167,23.53,49,27,2.71,RU,1690510003
298,tsagan aman,47.5639,46.7218,23.65,51,0,3.71,RU,1690510003
299,lijiang,26.8688,100.2207,19.14,81,100,1.21,CN,1690510004
300,forster,-32.1667,152.5167,21.88,45,0,2.17,AU,1690510004
301,stanley,54.868,-1.6985,15.5,90,75,1.03,GB,1690509731
302,gombe,10.2897,11.1673,24.62,76,100,2.23,NG,1690510004
303,ahar,38.4774,47.0699,19.72,61,2,0.23,IR,1690510005
304,mount pearl,47.5166,-52.7813,19.42,90,75,9.77,CA,1690510005
305,kuching,1.55,110.3333,31.1,73,20,4.12,MY,1690509904
306,mata-utu,-13.2816,-176.1745,27.45,74,98,5.44,WF,1690510005
307,angel r. cabada,18.5833,-95.4333,26.52,80,100,2.01,MX,1690510006
308,dutsen wai,10.8501,8.199,20.74,93,100,2.16,NG,1690510006
309,bathsheba,13.2167,-59.5167,28.34,83,40,8.23,BB,1690510006
310,dakhla,23.6848,-15.958,19.7,90,0,10.14,EH,1690510006
311,markovo,57.3206,107.0881,22.57,74,100,1.35,RU,1690510007
312,qamdo,31.1667,97.2333,11.04,50,100,1.27,CN,1690510007
313,kruisfontein,-34.0033,24.7314,11.21,84,0,2.98,ZA,1690510007
314,balapur,20.6667,76.7667,24.51,93,100,7.92,IN,1690510007
315,mae tha,18.4646,99.1403,29.79,42,100,1.7,TH,1690510007
316,qom,34.6401,50.8764,29.06,33,5,1.66,IR,1690510008
317,prado,-17.3411,-39.2208,21.84,84,100,3.19,BR,1690510008
318,brigantine,39.4101,-74.3646,29.11,86,0,5.14,US,1690510008
319,san antonio de pale,-1.4014,5.6325,22.85,89,99,7.1,GQ,1690510008
320,taitung city,22.7583,121.1444,25.15,94,75,3.09,TW,1690510008
321,east london,-33.0153,27.9116,14.66,78,0,3.89,ZA,1690510009
322,tromso,69.6496,18.957,10.21,93,40,3.6,NO,1690510009
323,uige,-7.6087,15.0613,17.02,92,60,1.18,AO,1690510009
324,atafu village,-8.5421,-172.5159,28.26,77,13,7.29,TK,1690510009
325,bonito,-21.1211,-56.4819,20.25,56,11,1.22,BR,1690510010
326,petukhovo,55.0692,67.9019,19.91,67,88,1.86,RU,1690510010
327,pokachi,61.7198,75.3683,18.62,79,70,2.79,RU,1690510010
328,sheksna,59.21,38.5107,16.98,96,100,4.98,RU,1690510010
329,chibougamau,49.9168,-74.3659,18.79,55,100,1.25,CA,1690509749
330,porvoo,60.3923,25.6651,15.09,89,100,2.78,FI,1690510011
331,bonthe,7.5264,-12.505,24.65,92,38,2.84,SL,1690510011
332,salalah,17.0151,54.0924,26.05,89,100,5.14,OM,1690510011
333,birsk,55.4211,55.5428,19.67,91,4,2.32,RU,1690510011
334,talakan,50.3167,130.3667,23.92,75,100,2.47,RU,1690510012
335,mahibadhoo,3.7833,72.9667,28.0,72,47,0.81,MV,1690510012
336,blairgowrie,56.5916,-3.3405,15.01,94,100,1.79,GB,1690510012
337,charters towers,-20.1,146.2667,23.92,46,54,4.36,AU,1690510012
338,merrill,45.1805,-89.6835,21.44,98,75,2.57,US,1690510013
339,tayshet,55.9342,98.0044,18.57,70,100,1.92,RU,1690510013
340,dharmanagar,24.3667,92.1667,27.26,92,100,2.5,IN,1690510013
341,las lajitas,-24.6833,-64.25,12.68,65,54,1.28,AR,1690510014
342,tuam,53.5167,-8.85,12.35,91,100,2.71,IE,1690510014
343,consolacion del sur,22.5047,-83.5136,26.33,82,46,2.7,CU,1690510014
344,rathdrum,47.8137,-116.892,29.85,22,0,0.89,US,1690510014
345,tannum sands,-23.9504,151.3693,22.94,46,35,5.14,AU,1690510015
346,tindouf,27.6711,-8.1474,22.06,53,0,5.64,DZ,1690510015
347,tazacorte,28.629,-17.9293,21.54,80,0,4.12,ES,1690510015
348,cambria,35.5641,-121.0808,33.68,53,0,5.8,US,1690510016
349,bardai,11.65,7.2333,22.81,88,100,3.37,NG,1690510016
350,st. john's,47.5649,-52.7093,19.88,90,75,9.77,CA,1690510016
351,les anglais,18.3054,-74.2197,27.46,77,67,2.57,HT,1690510017
352,soe,-9.8607,124.284,22.77,61,31,2.82,ID,1690510017
353,lima,-12.0432,-77.0282,19.39,80,0,6.17,PE,1690509444
354,punta del este,-34.9667,-54.95,10.06,79,0,3.09,UY,1690509734
355,pacific grove,36.6177,-121.9166,23.45,76,0,4.12,US,1690510017
356,palapag,12.5458,125.1147,30.12,68,100,4.25,PH,1690510018
357,hotan,37.0997,79.9269,29.05,27,98,6.06,CN,1690510018
358,saint-francois,46.4154,3.9054,15.38,88,0,1.54,FR,1690510018
359,joshimath,30.5667,79.5667,21.96,97,100,1.15,IN,1690509829
360,thief river falls,48.1191,-96.1812,22.53,78,0,3.09,US,1690510018
361,plettenberg bay,-34.0527,23.3716,12.66,79,2,1.32,ZA,1690510018
362,khromtau,50.2503,58.4347,24.03,45,0,2.56,KZ,1690510019
363,sola,-13.8833,167.55,24.96,76,100,12.51,VU,1690510019
364,falakata,26.5208,89.2055,28.34,81,90,1.99,IN,1690509845
365,bridgewater,44.3835,-64.5155,21.17,94,98,2.68,CA,1690510019
366,nantucket,41.2835,-70.0995,25.64,93,71,12.45,US,1690510019
367,ha'il,27.5219,41.6907,28.21,17,7,1.35,SA,1690510020
368,port lincoln,-34.7333,135.8667,16.48,67,2,7.43,AU,1690510020
369,walvis bay,-22.9575,14.5053,12.27,90,6,2.13,NA,1690510020
370,pocone,-16.2567,-56.6228,24.21,42,8,1.91,BR,1690510020
371,at-bashi,41.1702,75.8106,18.29,46,11,0.44,KG,1690510021
372,sao tome,0.3365,6.7273,24.09,87,100,5.47,ST,1690510021
373,sangkhla buri,15.1555,98.4536,26.67,84,97,1.4,TH,1690510021
374,fort bragg,35.139,-79.006,29.9,77,0,2.57,US,1690509823
375,okha,53.5739,142.9478,16.28,80,48,5.49,RU,1690510022
376,tralee,52.2704,-9.7026,13.48,84,100,2.46,IE,1690510022
377,leer,53.2316,7.461,18.3,97,100,4.46,DE,1690510022
378,lajere,11.9797,11.4443,26.95,59,100,2.84,NG,1690510023
379,tamandare,-8.7597,-35.1047,23.67,89,27,4.08,BR,1690510023
380,sitangkai,4.6628,119.3928,28.18,78,100,9.55,PH,1690510023
381,nova sintra,14.8667,-24.7167,22.47,81,24,7.73,CV,1690510024
382,letlhakeng,-24.0944,25.0298,12.63,45,0,3.44,BW,1690510024
383,kendari,-3.945,122.4989,28.46,66,61,0.4,ID,1690510024
384,chernyshevskiy,63.0128,112.4714,19.96,46,100,2.94,RU,1690510025
385,launceston,-41.45,147.1667,14.08,85,75,8.75,AU,1690510025
386,victoria falls,-17.9235,25.843,13.46,65,6,1.44,ZW,1690510025
387,broken hill,-31.95,141.4333,19.76,53,47,8.05,AU,1690510025
388,sampit,-2.5333,112.95,28.7,59,80,2.75,ID,1690510026
389,lerwick,60.1545,-1.1494,13.0,87,17,3.41,GB,1690510026
390,luderitz,-26.6481,15.1594,11.47,88,0,1.0,NA,1690510026
391,kamikawa,43.84,142.7711,28.88,57,36,3.09,JP,1690510027
392,tokar,18.4254,37.729,34.12,41,6,11.97,SD,1690510027
393,sambava,-14.2667,50.1667,19.12,84,1,4.61,MG,1690510027
394,tofol,5.3248,163.0078,25.88,94,100,4.63,FM,1690510027
395,otjimbingwe,-22.35,16.1333,13.69,42,11,0.25,NA,1690510028
396,kindu,-2.95,25.95,20.4,47,18,1.38,CD,1690510028
397,kish,26.5578,54.0194,32.53,81,100,4.81,IR,1690510028
398,mirabad,30.4362,61.8383,31.69,27,0,9.26,AF,1690510029
399,selfoss,63.9331,-20.9971,9.91,86,23,3.57,IS,1690510029
400,trebbin,52.2167,13.2,17.72,98,100,4.62,DE,1690510029
401,shortandy,51.7006,70.9994,20.11,61,0,2.43,KZ,1690510029
402,karachi,24.9056,67.0822,28.9,74,75,7.2,PK,1690510029
403,brush,40.2589,-103.6238,28.6,54,40,4.63,US,1690510030
404,naze,28.3667,129.4833,26.8,83,76,6.66,JP,1690510030
405,island harbour,50.724,-1.2758,17.88,96,95,0.45,GB,1690510030
406,springs,-26.25,28.4,12.04,84,0,1.88,ZA,1690510031
407,sovetskiy,61.3614,63.5842,16.38,92,100,2.77,RU,1690510031
408,crane,31.3974,-102.3501,32.25,27,2,6.74,US,1690510031
409,pong nam ron,12.9058,102.2623,29.73,78,96,3.14,TH,1690510031
410,new norfolk,-42.7826,147.0587,16.07,52,0,4.29,AU,1690510031
411,salinopolis,-0.6136,-47.3561,26.43,84,85,5.35,BR,1690509988
412,magadan,59.5667,150.8,20.85,55,1,2.06,RU,1690509805
413,saint-pierre,-21.3393,55.4781,18.82,63,75,4.63,RE,1690510032
414,marka,1.7159,44.7717,23.97,87,64,6.48,SO,1690510032
415,sarina,-21.4333,149.2167,22.37,50,97,5.3,AU,1690510033
416,nuku'alofa,-21.1333,-175.2,22.19,68,40,3.6,TO,1690510033
417,akrehamn,59.2667,5.1833,14.14,88,100,3.6,NO,1690510033
418,mana,5.6592,-53.7767,25.76,90,63,4.47,GF,1690510033
419,greenville,35.6127,-77.3663,29.02,86,0,3.6,US,1690510034
420,novaya igirma,57.1334,103.9112,23.89,57,87,0.65,RU,1690510034
421,vodice,43.7608,15.7828,20.98,59,0,2.83,HR,1690510034
422,nicoya,10.1483,-85.452,24.93,94,100,1.21,CR,1690510034
423,kill devil hills,36.0307,-75.676,29.43,80,0,7.72,US,1690510035
424,pemangkat,1.1667,108.9667,28.15,69,100,5.66,ID,1690510035
425,pangkalanbuun,-2.6833,111.6167,29.13,59,67,2.97,ID,1690510035
426,taoudenni,22.6783,-3.9836,38.16,19,62,1.87,ML,1690510035
427,santa elena de uairen,4.6167,-61.1333,20.43,92,100,1.7,VE,1690510036
428,bafoulabe,13.8065,-10.8321,28.47,72,100,1.24,ML,1690510036
429,dimitrovgrad,54.2139,49.6184,22.11,75,8,0.19,RU,1690510036
430,georgetown,5.4112,100.3354,29.97,83,20,1.54,MY,1690509850
431,recreo,-29.2818,-65.061,13.58,62,0,3.32,AR,1690510037
432,bayanaul,50.7889,75.6956,20.01,65,24,2.61,KZ,1690510037
433,lugovoye,42.9094,72.7178,25.79,43,7,1.91,KZ,1690510037
434,santiago,-33.4569,-70.6483,16.3,61,100,1.54,CL,1690509651
435,aleg,17.0481,-13.9209,30.72,52,100,6.9,MR,1690510038
436,carutapera,-1.195,-46.02,25.31,84,8,3.41,BR,1690510038
437,kodinsk,58.6881,99.1844,24.29,56,75,0.67,RU,1690510038
438,palmer,42.1584,-72.3287,23.06,84,40,2.06,US,1690510003
439,uren',57.4552,45.7852,17.13,86,15,2.08,RU,1690510038
440,pangody,65.85,74.4859,21.33,65,100,1.05,RU,1690510039
441,bechar,31.6167,-2.2167,38.18,12,20,2.57,DZ,1690509953
442,pont rouge,48.8833,-72.0825,15.48,74,64,0.59,CA,1690510039
443,kristiansund,63.1115,7.732,15.03,94,100,4.12,NO,1690510039
444,dubbo,-32.25,148.6167,18.07,55,29,4.12,AU,1690510040
445,tarinkot,32.6268,65.8733,28.75,18,7,1.51,AF,1690510040
446,khandyga,62.6667,135.6,21.54,34,92,2.87,RU,1690510040
447,bakanas,44.8081,76.2772,27.1,43,98,5.67,KZ,1690510041
448,vorgashor,67.5833,63.95,15.71,89,100,0.82,RU,1690510041
449,enewetak,11.3474,162.3373,27.93,83,100,8.27,MH,1690510041
450,beau vallon,-20.4189,57.6953,19.56,76,65,5.05,MU,1690510041
451,alaghsas,17.0187,8.0168,31.8,34,16,4.33,NE,1690510042
452,moyale,3.5167,39.0584,18.67,73,100,6.28,KE,1690510042
453,balqash,46.8481,74.995,21.33,56,0,7.0,KZ,1690510042
454,gazli,40.1333,63.45,30.94,30,2,4.28,UZ,1690510042
455,swakopmund,-22.6833,14.5333,12.21,87,6,0.89,NA,1690510042
456,codrington,-38.2667,141.9667,15.12,71,0,5.79,AU,1690510043
457,lambarene,-0.7001,10.2406,22.0,87,88,2.33,GA,1690510043
458,aguas vermelhas,-15.7472,-41.46,17.51,80,100,1.64,BR,1690509830
459,liwonde,-15.0506,35.2035,15.58,65,0,0.97,MW,1690510044
460,laguna,38.421,-121.4238,33.63,40,0,6.69,US,1690510044
461,remire-montjoly,4.9167,-52.2667,25.02,94,100,0.51,GF,1690510045
462,xichang,27.8964,102.2634,21.78,87,98,1.5,CN,1690510045
463,vernon,50.2581,-119.2691,28.74,34,100,6.71,CA,1690509915
464,misratah,32.3754,15.0925,26.11,66,0,2.59,LY,1690510045
465,san jose de feliciano,-30.3845,-58.7517,12.55,62,98,2.76,AR,1690510046
466,berezovyy,51.6667,135.7,25.04,63,97,1.46,RU,1690510046
467,garachico,28.7781,-17.7646,20.06,64,0,4.12,ES,1690510046
468,ca mau,9.1769,105.15,29.12,76,93,6.01,VN,1690510046
469,tuy hoa,13.0833,109.3,30.95,63,100,6.86,VN,1690510047
470,melfort,52.8667,-104.6177,15.07,67,97,4.12,CA,1690509778
471,isangel,-19.55,169.2667,24.06,64,40,5.14,VU,1690510047
472,purranque,-40.9167,-73.1667,10.63,99,100,1.53,CL,1690509799
473,bloemfontein,-29.1211,26.214,8.74,52,0,3.4,ZA,1690510048
474,rocha,-34.4833,-54.3333,8.02,77,100,1.88,UY,1690510048
475,aitape,-3.1374,142.3475,29.54,66,69,0.96,PG,1690510048
476,tarnogskiy gorodok,60.4997,43.5761,14.9,92,100,1.66,RU,1690510048
477,shahrak,34.1074,64.3052,16.96,33,0,1.8,AF,1690510048
478,kinana,14.0361,33.1712,26.21,69,47,5.28,SD,1690510049
479,severo-yeniseyskiy,60.3725,93.0408,16.57,84,100,0.67,RU,1690510049
480,yongning,24.68,118.69,25.56,92,100,10.54,CN,1690510049
481,boguchany,58.3814,97.4531,23.91,56,10,1.28,RU,1690510050
482,miyako,39.6367,141.9525,28.99,64,50,2.5,JP,1690510050
483,koulikoro,14.0,-7.75,25.78,65,100,2.27,ML,1690510050
484,moranbah,-22.0016,148.0466,21.29,59,47,6.78,AU,1690510051
485,guerrero negro,27.9769,-114.0611,22.92,72,10,6.76,MX,1690510052
486,lianzhou,24.7811,112.3825,31.79,66,71,2.47,CN,1690510052
487,newman,37.3138,-121.0208,32.25,34,0,2.24,US,1690510052
488,santa marta,11.2408,-74.199,29.38,73,75,4.12,CO,1690509964
489,arno,60.1167,18.6333,15.99,88,16,1.36,SE,1690510052
490,tuapse,44.1125,39.0742,22.81,88,99,2.91,RU,1690510053
491,tamalpais valley,37.8796,-122.5458,23.74,82,2,3.58,US,1690510053
492,ataq,14.5377,46.8319,27.18,58,99,3.38,YE,1690510054
493,amos,48.5669,-78.1162,17.98,87,87,2.55,CA,1690510054
494,rongelap,11.1635,166.8941,28.6,79,100,8.36,MH,1690510054
495,excelsior springs,39.3392,-94.2261,31.94,61,0,1.54,US,1690509989
496,cockburn town,21.4612,-71.1419,28.5,81,87,7.86,TC,1690509901
497,nema,57.5067,50.5011,16.65,87,74,1.69,RU,1690510055
498,segou,13.4317,-6.2157,28.25,67,100,2.19,ML,1690510055
499,nova vicosa,-17.8919,-39.3719,21.79,82,24,3.43,BR,1690510055
500,dhuusamarreeb,5.535,46.3861,22.91,74,93,8.28,SO,1690510056
501,lorengau,-2.0226,147.2712,29.29,69,20,2.74,PG,1690510056
502,torredembarra,41.1451,1.3986,25.38,75,100,3.6,ES,1690510056
503,waingapu,-9.6567,120.2641,26.7,57,0,5.8,ID,1690510056
504,kenora,49.8167,-94.4337,18.91,61,0,2.9,CA,1690510056
505,kapoeta,4.7717,33.5903,22.18,79,39,1.68,SS,1690510057
506,gaoyou,32.7858,119.4278,26.58,86,100,6.67,CN,1690510057
507,hampton bays,40.869,-72.5176,27.25,94,100,2.06,US,1690510057
508,bosa,40.2993,8.4983,20.05,58,12,1.28,IT,1690510058
509,lamarque,-39.423,-65.7021,4.59,75,2,2.67,AR,1690510058
510,peace river,56.2501,-117.286,18.62,60,53,1.72,CA,1690510058
511,floro,61.5996,5.0328,14.98,88,100,2.57,NO,1690510058
512,boromo,11.75,-2.9333,26.37,73,76,2.56,BF,1690510058
513,lock haven,41.137,-77.4469,25.39,82,0,1.54,US,1690510059
514,levuka,50.1834,-105.4011,20.71,43,17,7.06,CA,1690510059
515,priladozhskiy,59.85,31.4833,14.56,97,100,1.52,RU,1690510059
516,keta,5.9179,0.9879,24.73,90,100,4.77,GH,1690510059
517,santa eularia des riu,38.9846,1.5341,25.01,85,20,1.54,ES,1690510060
518,khorixas,-20.3667,14.9667,12.71,54,37,0.97,NA,1690510060
519,padangsidempuan,1.3667,99.2667,26.49,72,100,1.19,ID,1690510060
520,shakawe,-18.3667,21.85,13.5,45,31,2.77,BW,1690510060
521,pishva,35.308,51.7267,29.1,34,4,2.47,IR,1690510061
522,santa margherita ligure,44.3346,9.212,22.09,68,99,0.45,IT,1690510061
523,itaituba,-4.2761,-55.9836,24.84,53,1,0.47,BR,1690510061
524,nelson bay,-32.7167,152.15,21.72,52,4,1.34,AU,1690510061
525,saint-philippe,-21.3585,55.7679,18.77,69,6,3.21,RE,1690510062
526,palikir - national government center,6.9248,158.1611,29.47,79,100,5.14,FM,1690510062
527,eagle,43.6954,-116.354,34.1,25,0,3.09,US,1690509923
528,ferozepore,30.9167,74.6,29.75,73,37,0.83,IN,1690510063
529,nuuk,64.1835,-51.7216,10.34,81,100,4.12,GL,1690510063
530,jakhal,29.8,75.8333,29.12,75,99,0.63,IN,1690510063
531,dapa,9.7594,126.0531,26.08,86,100,4.95,PH,1690510064
532,wynyard,-41.0,145.7167,13.53,82,11,4.13,AU,1690510064
533,ta`u,-14.2336,-169.5144,26.23,73,100,6.64,AS,1690510064
534,aral,40.5156,81.2636,31.13,23,69,2.53,CN,1690510064
535,sovetskaya gavan',48.9723,140.2878,22.19,76,100,0.52,RU,1690510065
536,bushehr,28.9684,50.8385,32.79,58,0,1.83,IR,1690510066
537,puerto aysen,-45.4,-72.7,5.48,100,100,0.91,CL,1690510066
538,loei,17.4167,101.5,24.51,78,100,2.59,TH,1690510066
539,arvayheer,46.2639,102.775,20.5,42,13,1.5,MN,1690510067
540,bam,29.106,58.357,31.31,17,3,4.26,IR,1690510067
541,whangarei,-35.7317,174.3239,13.44,55,2,4.19,NZ,1690510068
542,ves'yegonsk,58.664,37.2604,16.65,97,100,4.6,RU,1690510068
543,siocon,7.7061,122.1353,29.9,68,89,3.23,PH,1690510068
544,thunder bay,48.4001,-89.3168,18.52,76,100,2.23,CA,1690510017
545,rio verde de mato grosso,-18.9181,-54.8442,24.42,37,64,2.17,BR,1690510068
546,vladivostok,43.1056,131.8735,30.01,87,96,1.59,RU,1690510068
547,port hedland,-20.3167,118.5667,23.03,31,2,8.23,AU,1690510069
548,ebolowa,2.9,11.15,20.89,100,100,0.7,CM,1690510069
549,klyuchi,52.2667,79.1667,21.34,58,100,3.38,RU,1690510069
550,san patricio,28.017,-97.5169,30.05,67,0,5.93,US,1690510069
551,piti village,13.4626,144.6933,27.49,92,20,3.6,GU,1690510069
552,corumba,-19.0092,-57.6533,22.51,53,52,1.72,BR,1690510070
553,kyaikkami,16.08,97.5675,27.72,85,100,5.3,MM,1690510070
554,korla,41.7597,86.1469,33.96,18,49,2.21,CN,1690510070
555,bayji,34.9311,43.487,32.79,17,0,4.18,IQ,1690510070
556,sisimiut,66.9395,-53.6735,6.18,87,37,2.89,GL,1690510070
557,tangshan,39.6333,118.1833,30.14,63,100,2.46,CN,1690510070
558,milici,44.1711,19.0903,8.65,78,6,1.96,BA,1690510071
559,kijang,35.2442,129.2139,28.96,68,90,1.78,KR,1690510071
560,wabag,-5.4781,143.7021,19.03,74,64,1.45,PG,1690510071
561,manaure,11.7751,-72.4445,28.59,72,62,7.33,CO,1690510072
562,bamboo flat,11.7,92.7167,29.05,79,40,3.6,IN,1690509856
563,hadithah,34.1397,42.3781,32.18,23,0,5.27,IQ,1690510072
564,okhotsk,59.3833,143.3,16.22,83,100,3.08,RU,1690510073
565,norilsk,69.3535,88.2027,25.79,38,4,3.96,RU,1690510073
566,pavilosta,56.8879,21.1859,9.95,81,19,4.06,LV,1690510073
567,souillac,-20.5167,57.5167,20.98,81,62,4.77,MU,1690510073
568,coaldale,49.7167,-112.6185,22.2,45,75,5.66,CA,1690510073
569,malvan,16.0667,73.4667,26.05,86,100,8.76,IN,1690510073
570,abadeh,31.1608,52.6506,23.29,17,4,2.19,IR,1690510074
571,castillos,-34.1667,-53.8333,8.59,78,100,1.21,UY,1690509789
572,valparaiso,-33.0393,-71.6273,15.0,63,0,2.57,CL,1690509939
573,val-d'or,48.1002,-77.7828,18.93,81,100,2.49,CA,1690510074
574,qina,26.1642,32.7267,32.1,17,1,1.26,EG,1690510075
575,kashgar,39.4547,75.9797,30.22,21,100,3.3,CN,1690510075
576,ornskoldsvik,63.2909,18.7153,10.53,100,40,1.03,SE,1690510075
577,flin flon,54.7682,-101.865,13.96,62,100,2.5,CA,1690510075
578,barra de santo antonio,-9.4047,-35.5072,22.6,87,72,4.29,BR,1690510036
579,al qabil,22.571,58.6947,28.0,66,100,0.71,OM,1690510076
580,touba,8.2833,-7.6833,20.97,99,72,2.38,CI,1690510076
581,lycksele,64.5954,18.6735,11.93,94,99,1.54,SE,1690510076
582,nioki,-2.7167,17.6833,25.51,49,30,1.18,CD,1690510076
583,ewo,-0.8725,14.8206,26.71,62,51,1.91,CG,1690510076
584,howard springs,-12.497,131.047,27.95,42,10,2.64,AU,1690510077
585,seguela,7.9611,-6.6731,21.41,99,100,2.44,CI,1690510035
586,oriximina,-1.7656,-55.8661,27.04,55,12,1.79,BR,1690509999
587,canavieiras,-15.675,-38.9472,22.23,89,100,2.82,BR,1690510077
588,thoen,17.6129,99.2161,29.04,68,100,1.61,TH,1690510077
589,kirakira,-10.4544,161.9205,27.11,85,100,6.54,SB,1690510078
